Workbook

Sheet Sheet1
A1: library | B1: model | C1: lin | D1: rnn | E1: cnn | F1: transf | G1: stat | H1: reg | I1: misc | J1: datasets | K1: count
A2: darts | B2: ARIMA | G2: 1 | J2: 31 | K2: =SUM(C2:I2) -> 1
A3: darts | B3: BlockRNNModel | D3: 1 | J3: 31 | K3: =SUM(C3:I3) -> 1
A4: darts | B4: CatBoostModel | H4: 1 | J4: 30 | K4: =SUM(C4:I4) -> 1
A5: darts | B5: DLinearModel | C5: 1 | J5: 31 | K5: =SUM(C5:I5) -> 1
A6: darts | B6: ExponentialSmoothing | G6: 1 | J6: 31 | K6: =SUM(C6:I6) -> 1
A7: darts | B7: FFT | I7: 1 | J7: 31 | K7: =SUM(C7:I7) -> 1
A8: darts | B8: FourTheta | G8: 1 | J8: 31 | K8: =SUM(C8:I8) -> 1
A9: darts | B9: KalmanForecaster | G9: 1 | J9: 31 | K9: =SUM(C9:I9) -> 1
A10: darts | B10: LightGBMModel | H10: 1 | J10: 31 | K10: =SUM(C10:H10) -> 1
A11: darts | B11: LinearRegressionModel | H11: 1 | J11: 31 | K11: =SUM(C11:I11) -> 1
A12: darts | B12: NBEATSModel | C12: 1 | J12: 31 | K12: =SUM(C12:I12) -> 1
A13: darts | B13: NHiTSModel | C13: 1 | J13: 31 | K13: =SUM(C13:I13) -> 1
A14: darts | B14: NLinearModel | C14: 1 | J14: 31 | K14: =SUM(C14:I14) -> 1
A15: darts | B15: RandomForestModel | H15: 1 | J15: 31 | K15: =SUM(C15:H15) -> 1
A16: darts | B16: RNNModel | D16: 1 | J16: 31 | K16: =SUM(C16:I16) -> 1
A17: darts | B17: SKLearnModel | H17: 1 | J17: 31 | K17: =SUM(C17:I17) -> 1
A18: darts | B18: TCNModel | E18: 1 | J18: 31 | K18: =SUM(C18:I18) -> 1
A19: darts | B19: Theta | G19: 1 | J19: 31 | K19: =SUM(C19:I19) -> 1
A20: darts | B20: TFTModel | F20: 0 | J20: 0 | K20: =SUM(C20:I20) -> 0 | M20: excluded
A21: darts | B21: TiDEModel | C21: 1 | J21: 31 | K21: =SUM(C21:I21) -> 1
A22: darts | B22: TransformerModel | F22: 1 | J22: 31 | K22: =SUM(C22:I22) -> 1
A23: darts | B23: TSMixerModel | C23: 1 | J23: 31 | K23: =SUM(C23:I23) -> 1
A24: darts | B24: XGBModel | H24: 1 | J24: 31 | K24: =SUM(C24:I24) -> 1 | L24: =SUM(K2:K24) -> 22
A25: nf | B25: Autoformer | F25: 1 | J25: 31 | K25: =SUM(C25:I25) -> 1
A26: nf | B26: BiTCN | E26: 1 | J26: 31 | K26: =SUM(C26:I26) -> 1
A27: nf | B27: DeepAR | D27: 1 | J27: 31 | K27: =SUM(C27:I27) -> 1
A28: nf | B28: DeepNPTS | C28: 1 | J28: 31 | K28: =SUM(C28:I28) -> 1
A29: nf | B29: DilatedRNN | D29: 1 | J29: 31 | K29: =SUM(C29:I29) -> 1
A30: nf | B30: DLinear | C30: 1 | J30: 31 | K30: =SUM(C30:I30) -> 1
A31: nf | B31: FEDformer | F31: 1 | J31: 31 | K31: =SUM(C31:I31) -> 1
A32: nf | B32: GRU | D32: 1 | J32: 31 | K32: =SUM(C32:I32) -> 1
A33: nf | B33: Informer | F33: 1 | J33: 31 | K33: =SUM(C33:I33) -> 1
A34: nf | B34: iTransformer | F34: 1 | J34: 31 | K34: =SUM(C34:I34) -> 1
A35: nf | B35: KAN | I35: 1 | J35: 31 | K35: =SUM(C35:I35) -> 1
A36: nf | B36: LSTM | D36: 1 | J36: 31 | K36: =SUM(C36:I36) -> 1
A37: nf | B37: MLP | C37: 1 | J37: 31 | K37: =SUM(C37:I37) -> 1
A38: nf | B38: MLPMultivariate | C38: 1 | J38: 31 | K38: =SUM(C38:I38) -> 1
A39: nf | B39: NBEATS | C39: 1 | J39: 31 | K39: =SUM(C39:I39) -> 1
A40: nf | B40: NBEATSx | C40: 1 | J40: 31 | K40: =SUM(C40:I40) -> 1
A41: nf | B41: NHITS | C41: 1 | J41: 31 | K41: =SUM(C41:I41) -> 1
A42: nf | B42: NLinear | C42: 1 | J42: 31 | K42: =SUM(C42:I42) -> 1
A43: nf | B43: PatchTST | E43: 1 | J43: 31 | K43: =SUM(C43:I43) -> 1
A44: nf | B44: RMoK | I44: 1 | J44: 31 | K44: =SUM(C44:I44) -> 1
A45: nf | B45: RNN | D45: 1 | J45: 31 | K45: =SUM(C45:I45) -> 1
A46: nf | B46: SOFTS | E46: 1 | J46: 31 | K46: =SUM(C46:I46) -> 1
A47: nf | B47: StemGNN | C47: 1 | J47: 31 | K47: =SUM(C47:I47) -> 1
A48: nf | B48: TCN | E48: 1 | J48: 31 | K48: =SUM(C48:I48) -> 1
A49: nf | B49: TFT | D49: 1 | J49: 31 | K49: =SUM(C49:I49) -> 1
A50: nf | B50: TiDE | C50: 1 | J50: 31 | K50: =SUM(C50:I50) -> 1
A51: nf | B51: TimeMixer | C51: 1 | J51: 31 | K51: =SUM(C51:I51) -> 1
A52: nf | B52: TimesNet | E52: 1 | J52: 31 | K52: =SUM(C52:I52) -> 1
A53: nf | B53: TimeXer | F53: 1 | J53: 31 | K53: =SUM(C53:I53) -> 1
A54: nf | B54: TSMixer | C54: 1 | J54: 31 | K54: =SUM(C54:I54) -> 1
A55: nf | B55: TSMixerx | C55: 1 | J55: 31 | K55: =SUM(C55:I55) -> 1
A56: nf | B56: VanillaTransformer | F56: 1 | J56: 31 | K56: =SUM(C56:I56) -> 1
A57: nf | B57: xLSTM | D57: 1 | J57: 31 | K57: =SUM(C57:I57) -> 1 | L57: =SUM(K25:K57) -> 33
A58: skl | B58: CatBoostRegressor | H58: 1 | J58: 30 | K58: =SUM(C58:I58) -> 1
A59: skl | B59: DecisionTreeRegressor | H59: 1 | J59: 31 | K59: =SUM(C59:I59) -> 1
A60: skl | B60: ExtraTreeRegressor | H60: 1 | J60: 31 | K60: =SUM(C60:I60) -> 1
A61: skl | B61: ExtraTreesRegressor | H61: 1 | J61: 31 | K61: =SUM(C61:I61) -> 1
A62: skl | B62: GammaRegressor | H62: 1 | J62: 31 | K62: =SUM(C62:I62) -> 1
A63: skl | B63: GaussianProcessRegressor | H63: 1 | J63: 31 | K63: =SUM(C63:I63) -> 1
A64: skl | B64: GradientBoostingRegressor | H64: 1 | J64: 31 | K64: =SUM(C64:I64) -> 1
A65: skl | B65: HistGradientBoostingRegressor | H65: 1 | J65: 31 | K65: =SUM(C65:I65) -> 1
A66: skl | B66: HuberRegressor | H66: 1 | J66: 31 | K66: =SUM(C66:I66) -> 1
A67: skl | B67: KNeighborsRegressor | H67: 1 | J67: 31 | K67: =SUM(C67:I67) -> 1
A68: skl | B68: LGBMRegressor | H68: 1 | J68: 31 | K68: =SUM(C68:I68) -> 1
A69: skl | B69: LinearRegression | H69: 1 | J69: 31 | K69: =SUM(C69:I69) -> 1
... A78: skl | B78: TweedieRegressor | H78: 1 | J78: 31 | K78: =SUM(C78:I78) -> 1
A79: skl | B79: XGBRegressor | H79: 1 | J79: 31 | K79: =SUM(C79:I79) -> 1 | L79: =SUM(K58:K79) -> 22
A80: skt | B80: ARDL | G80: 1 | J80: 31 | K80: =SUM(C80:I80) -> 1
A81: skt | B81: AutoETS | G81: 1 | J81: 31 | K81: =SUM(C81:I81) -> 1
A82: skt | B82: AutoREG | G82: 1 | J82: 31 | K82: =SUM(C82:I82) -> 1
A83: skt | B83: AutoTS | G83: 1 | J83: 31 | K83: =SUM(C83:I83) -> 1
A84: skt | B84: Croston | G84: 1 | J84: 31 | K84: =SUM(C84:I84) -> 1
A85: skt | B85: DartsLinearRegressionModel | G85: 1 | J85: 31 | K85: =SUM(C85:I85) -> 1
A86: skt | B86: DartsRegressionModel | H86: 1 | J86: 31 | K86: =SUM(C86:I86) -> 1
A87: skt | B87: DartsXGBModel | H87: 1 | J87: 31 | K87: =SUM(C87:I87) -> 1
A88: skt | B88: ESRNNForecaster | H88: 1 | J88: 31 | K88: =SUM(C88:I88) -> 1
A89: skt | B89: ExponentialSmoothing | G89: 1 | J89: 31 | K89: =SUM(C89:I89) -> 1
A90: skt | B90: LTSFDLinearForecaster | F90: 1 | J90: 31 | K90: =SUM(C90:I90) -> 1
A91: skt | B91: LTSFLinearForecaster | F91: 1 | J91: 31 | K91: =SUM(C91:I91) -> 1
A92: skt | B92: LTSFNLinearForecaster | F92: 1 | J92: 31 | K92: =SUM(C92:I92) -> 1
A93: skt | B93: LTSFTransformerForecaster | F93: 1 | J93: 31 | K93: =SUM(C93:I93) -> 1
A94: skt | B94: MAPAForecaster | H94: 1 | J94: 31 | K94: =SUM(C94:I94) -> 1
A95: skt | B95: RBFForecaster | H95: 1 | J95: 31 | K95: =SUM(C95:I95) -> 1
A96: skt | B96: SARIMAX | G96: 1 | J96: 31 | K96: =SUM(C96:I96) -> 1
A97: skt | B97: SCINetForecaster | G97: 1 | J97: 31 | K97: =SUM(C97:I97) -> 1
A98: skt | B98: StatsForecastADIDA | G98: 1 | J98: 31 | K98: =SUM(C98:I98) -> 1
A99: skt | B99: StatsForecastAutoARIMA | G99: 1 | J99: 31 | K99: =SUM(C99:I99) -> 1
A100: skt | B100: StatsForecastAutoCES | G100: 1 | J100: 31 | K100: =SUM(C100:I100) -> 1
A101: skt | B101: StatsForecastAutoETS | G101: 1 | J101: 31 | K101: =SUM(C101:I101) -> 1
A102: skt | B102: StatsForecastAutoTBATS | G102: 1 | J102: 31 | K102: =SUM(C102:I102) -> 1
A103: skt | B103: StatsForecastAutoTheta | G103: 1 | J103: 31 | K103: =SUM(C103:I103) -> 1
A104: skt | B104: StatsForecastMSTL | G104: 1 | J104: 31 | K104: =SUM(C104:I104) -> 1
A105: skt | B105: ThetaForecaster | G105: 1 | J105: 31 | K105: =SUM(C105:I105) -> 1
A106: skt | B106: chronos | I106: 1 | J106: 31 | K106: =SUM(C106:I106) -> 1
A107: skt | B107: tirex | I107: 1 | J107: 31 | K107: =SUM(C107:I107) -> 1 | L107: =SUM(K80:K107) -> 28
A108: stf | B108: ARIMA | G108: 1 | J108: 31 | K108: =SUM(C108:I108) -> 1
...

Sheet Sheet2
A1: library | B1: model | C1: class
A2: darts | B2: ARIMA | C2: =INDEX(Sheet1!C$1:I$1, MATCH(1,Sheet1!C2:I2)) -> stat
A3: darts | B3: BlockRNNModel | C3: =INDEX(Sheet1!C$1:I$1, MATCH(1,Sheet1!C3:I3)) -> rnn
A4: darts | B4: CatBoostModel | C4: =INDEX(Sheet1!C$1:I$1, MATCH(1,Sheet1!C4:I4)) -> reg
A5: darts | B5: DLinearModel | C5: =INDEX(Sheet1!C$1:I$1, MATCH(1,Sheet1!C5:I5)) -> lin
A6: darts | B6: ExponentialSmoothing | C6: =INDEX(Sheet1!C$1:I$1, MATCH(1,Sheet1!C6:I6)) -> stat
A7: darts | B7: FFT | C7: =INDEX(Sheet1!C$1:I$1, MATCH(1,Sheet1!C7:I7)) -> misc
A8: darts | B8: FourTheta | C8: =INDEX(Sheet1!C$1:I$1, MATCH(1,Sheet1!C8:I8)) -> stat
A9: darts | B9: KalmanForecaster | C9: =INDEX(Sheet1!C$1:I$1, MATCH(1,Sheet1!C9:I9)) -> stat
A10: darts | B10: LightGBMModel | C10: =INDEX(Sheet1!C$1:I$1, MATCH(1,Sheet1!C10:I10)) -> reg
A11: darts | B11: LinearRegressionModel | C11: =INDEX(Sheet1!C$1:I$1, MATCH(1,Sheet1!C11:I11)) -> reg
A12: darts | B12: NBEATSModel | C12: =INDEX(Sheet1!C$1:I$1, MATCH(1,Sheet1!C12:I12)) -> lin
A13: darts | B13: NHiTSModel | C13: =INDEX(Sheet1!C$1:I$1, MATCH(1,Sheet1!C13:I13)) -> lin
... A105: skt | B105: ThetaForecaster | C105: =INDEX(Sheet1!C$1:I$1, MATCH(1,Sheet1!C105:I105)) -> stat
A106: stf | B106: ARIMA | C106: =INDEX(Sheet1!C$1:I$1, MATCH(1,Sheet1!C108:I108)) -> stat
A107: stf | B107: AutoARIMA | C107: =INDEX(Sheet1!C$1:I$1, MATCH(1,Sheet1!C109:I109)) -> stat
A108: stf | B108: AutoCES | C108: =INDEX(Sheet1!C$1:I$1, MATCH(1,Sheet1!C110:I110)) -> stat
A109: stf | B109: AutoETS | C109: =INDEX(Sheet1!C$1:I$1, MATCH(1,Sheet1!C111:I111)) -> stat
A110: stf | B110: AutoTBATS | C110: =INDEX(Sheet1!C$1:I$1, MATCH(1,Sheet1!C112:I112)) -> stat
A111: stf | B111: AutoTheta | C111: =INDEX(Sheet1!C$1:I$1, MATCH(1,Sheet1!C113:I113)) -> stat
A112: skx | B112: MeanForecaster | C112: =INDEX(Sheet1!C$1:I$1, MATCH(1,Sheet1!C114:I114)) -> reg
A113: skx | B113: MedianForecaster | C113: =INDEX(Sheet1!C$1:I$1, MATCH(1,Sheet1!C115:I115)) -> reg
A114: skx | B114: reducer | C114: =INDEX(Sheet1!C$1:I$1, MATCH(1,Sheet1!C116:I116)) -> reg
A115: skx | B115: regressor | C115: =INDEX(Sheet1!C$1:I$1, MATCH(1,Sheet1!C117:I117)) -> reg
A116: skx | B116: sklearn | C116: =INDEX(Sheet1!C$1:I$1, MATCH(1,Sheet1!C118:I118)) -> reg
